<?xml version="1.0" encoding="UTF-8"?>
<project-private xmlns="http://www.netbeans.org/ns/project-private/1">
    <editor-bookmarks xmlns="http://www.netbeans.org/ns/editor-bookmarks/1"/>
    <open-files xmlns="http://www.netbeans.org/ns/projectui-open-files/1">
        <file>file:/C:/Users/Fildas/Documents/NetBeansProjects/Oop-to-semanticWeb/src/Hlavni.java</file>
        <file>file:/C:/Users/Fildas/Documents/NetBeansProjects/Oop-to-semanticWeb/src/OOMtoSemanticWeb.java</file>
        <file>file:/C:/Users/Fildas/Documents/NetBeansProjects/Oop-to-semanticWeb/src/thewebsemantic/MainJenaBean.java</file>
        <file>file:/C:/Users/Fildas/Documents/NetBeansProjects/Oop-to-semanticWeb/src/thewebsemantic/Bean2RDF.java</file>
        <file>file:/C:/Users/Fildas/Documents/NetBeansProjects/Oop-to-semanticWeb/src/Example.java</file>
        <file>file:/C:/Users/Fildas/Documents/NetBeansProjects/Oop-to-semanticWeb/src/data/pojo/Hardware.java</file>
    </open-files>
</project-private>
